<KicadtoNgspice><source><v1 name="Source type">dc<field1 name="Value">1</field1></v1><v2 name="Source type">dc<field1 name="Value">1</field1></v2><v1 name="Source type">pulse<field1 name="Initial Value">0</field1><field2 name="Pulse Value">1</field2><field3 name="Delay Time">0.1n</field3><field4 name="Rise Time">0.1n</field4><field5 name="Fall Time">0.1n</field5><field5 name="Pulse width">1m</field5><field5 name="Period">2m</field5></v1><vdd1 name="Source type">dc<field1 name="Value">1</field1></vdd1><input1 name="Source type">dc<field1 name="Value">1</field1></input1><v3 name="Source type">pulse<field1 name="Initial Value">0</field1><field2 name="Pulse Value">1</field2><field3 name="Delay Time">1.5u</field3><field4 name="Rise Time">1p</field4><field5 name="Fall Time">1p</field5><field5 name="Pulse width">0.75u</field5><field5 name="Period">1.75u</field5></v3><v3 name="Source type">dc<field1 name="Value">1</field1></v3><v2 name="Source type">sine<field1 name="Offset Value">0.5</field1><field2 name="Amplitude">0.5</field2><field3 name="Frequency">20000</field3><field4 name="Delay Time" /><field5 name="Damping Factor" /></v2><v5 name="Source type">pulse<field1 name="Initial Value">0</field1><field2 name="Pulse Value">1</field2><field3 name="Delay Time">0</field3><field4 name="Rise Time">1p</field4><field5 name="Fall Time">1p</field5><field5 name="Pulse width">0.625u</field5><field5 name="Period">1.25u</field5></v5><v4 name="Source type">pulse<field1 name="Initial Value">1</field1><field2 name="Pulse Value">0</field2><field3 name="Delay Time">0</field3><field4 name="Rise Time">1p</field4><field5 name="Fall Time">1p</field5><field5 name="Pulse width">0.625u</field5><field5 name="Period">1.25u</field5></v4></source><model><u9 name="type">adc_bridge<field1 name="Enter value for in_low (default=1.0)">0.015</field1><field2 name="Enter value for in_high (default=2.0)">0.015</field2><field3 name="Enter Rise Delay (default=1.0e-9)" /><field4 name="Enter Fall Delay (default=1.0e-9)" /></u9><u10 name="type">darshan_naik_priority_encoder<field5 name="Enter Rise Delay (default=1.0e-9)" /><field6 name="Enter Fall Delay (default=1.0e-9)" /><field7 name="Enter Input Load (default=1.0e-12)" /><field8 name="Enter Instance ID (Between 0-99)" /></u10><u14 name="type">adc_bridge<field9 name="Enter value for in_low (default=1.0)">0.015</field9><field10 name="Enter value for in_high (default=2.0)">0.015</field10><field11 name="Enter Rise Delay (default=1.0e-9)" /><field12 name="Enter Fall Delay (default=1.0e-9)" /></u14></model><devicemodel><scmode1><field>C:\FOSSEE\eSim\library\sky130_fd_pr\models\sky130.lib.spice</field><field>tt</field></scmode1><sc16><field>w=30 l=0.15</field></sc16><sc14><field>w=50 l=0.15</field></sc14><sc13><field>w=1 l=3</field></sc13><sc12><field>w=3 l=0.15</field></sc12><sc11><field>w=1 l=0.15</field></sc11><sc10><field>w=1 l=0.15</field></sc10><sc9><field>w=9 l=0.3</field></sc9><sc8><field>w=1 l=0.3</field></sc8><sc7><field>w=5 l=0.3</field></sc7><sc4><field>w=1 l=16.5</field></sc4><sc3><field>w=50 l=0.45</field></sc3><sc6><field>w=1 l=3</field></sc6><sc5><field>w=4 l=0.45</field></sc5><sc15><field>w=1  l=60</field></sc15><sc1><field>w=15 l=0.45</field></sc1><sc2><field>w=15 l=0.45</field></sc2><sc17><field>W=100  L=25  MF=1</field></sc17></devicemodel><subcircuit /><analysis><ac><field1 name="Lin">true</field1><field2 name="Dec">false</field2><field3 name="Oct">false</field3><field4 name="Start Frequency" /><field5 name="Stop Frequency" /><field6 name="No. of points" /><field7 name="Start Fre Combo">Hz</field7><field8 name="Stop Fre Combo">Hz</field8></ac><dc><field1 name="Source 1">v2</field1><field2 name="Start">0</field2><field3 name="Increment">0.01</field3><field4 name="Stop">1</field4><field5 name="Operating Point">0</field5><field6 name="Start Combo">Volts or Amperes</field6><field7 name="Increment Combo">Volts or Amperes</field7><field8 name="Stop Combo">Volts or Amperes</field8><field9 name="Source 2" /><field10 name="Start" /><field11 name="Increment" /><field12 name="Stop" /><field13 name="Start Combo">Volts or Amperes</field13><field14 name="Increment Combo">Volts or Amperes</field14><field15 name="Stop Combo">Volts or Amperes</field15></dc><tran><field1 name="Start Time">0</field1><field2 name="Step Time">1</field2><field3 name="Stop Time">0.05</field3><field4 name="Start Combo">sec</field4><field5 name="Step Combo">ns</field5><field6 name="Stop Combo">ms</field6></tran></analysis></KicadtoNgspice>